,Title,Published_date,Views,Likes,Comments,Months
0,Holi Returns | Ashish chanchlani,2023-03-06,22738839,2015867,72749,Mar
1,Sasta Biig Bosss 2 | Parody | Ashish Chanchlani,2023-02-13,24225943,1833732,77315,Feb
2,Sasta Shaark Tank | Ashish Chanchlani,2022-03-16,64383636,3703110,121908,Mar
3,I Attended Spider-Man : No Way Home Premiere | Ashish Chanchlani | LA vlog,2021-12-15,22149093,2085656,48548,Dec
4,OTP The Lottery: Chapter 2 | Ashish Chanchlani,2021-08-31,48760240,3172375,224956,Aug
5,OTP The Lottery : Chapter 1 | Ashish Chanchlani,2021-06-30,48020991,3495377,178900,Jun
6,Online Parent Teacher Meeting | Ashish Chanchlani,2021-05-29,52993515,3309984,111222,May
7,The Mummy Returns | Ashish Chanchlani,2021-05-08,63275496,3997724,171215,May
8,Mission Valentine | Ashish Chanchlani,2021-02-13,44142259,2788067,107882,Feb
9,Sasta Biig Bosss | Parody | Ashish Chanchlani,2020-12-16,58566987,3890455,200196,Dec
10,The Dealer | ACV Hatke | Barkha Singh | Ashish Chanchlani,2020-10-30,36220881,3318638,158664,Oct
11,Office Exam Aur Vaccine | Ashish Chanchlani,2020-09-27,80393088,4596025,222122,Sep
12,The 20 Million Journey | Dedicated To All My Fans | Ashish Chanchlani & Team,2020-08-16,16129840,2475926,114272,Aug
13,RakshaBandhan 2020 | Ashish Chanchlani,2020-08-01,50528577,4627005,114087,Aug
14,Exam Cancellation | Ashish Chanchlani Dubs,2020-06-08,18221990,1840774,55082,Jun
15,Thank you for everything,2020-05-27,7248628,581638,24510,May
16,Lockdown Ke Side Effects | Ashish Chanchlani,2020-05-05,69246756,3687901,106967,May
17,The Lockdown Rap Ft. INDIAN YOUTUBERS | Kunal Chhabhria |  Anmol Sachar | Ashish Chanchlani,2020-04-11,27071738,2254992,73843,Apr
18,#STAYHOME because its QNA #WithME | Ashish Chanchlani,2020-04-02,5231438,272734,11774,Apr
19,Lockdown With Parivar | Ashish Chanchlani,2020-03-27,47661433,2845189,70608,Mar
20,Final Exams | Ashish Chanchlani,2020-03-08,80547803,3766078,95455,Mar
21,Aakhri Safar | ACV Hatke | Ashish Chanchlani | Ft. Akshata Sonawane & Deepak Sampat,2020-02-09,17892707,1434726,95656,Feb
22,Types Of Drinkers | Ashish Chanchlani,2019-12-29,45122375,2397724,68666,Dec
23,Cinemas : Then Vs Now | Ashish Chanchlani,2019-12-09,57822717,2658506,74769,Dec
24,Diwali Returns | Ashish Chanchlani,2019-10-25,49689582,2429192,90700,Oct
25,Double Apple iFhone | iPhone Parody | Ashish Chanchlani | 4K UHD (With English Subtitles),2019-09-20,36723048,1950488,63084,Sep
26,Baarish Ke Side Effects | Ashish Chanchlani,2019-08-25,70939707,3261506,72747,Aug
27,The Mummy | Ashish Chanchlani,2019-07-08,51387996,2687270,70998,Jul
28,Gupt Gyaan | Ashish Chanchlani,2019-06-24,45309619,2502014,68736,Jun
29,Student Life : Bollywood VS Reality | Ashish Chanchlani,2019-06-04,62633295,3489893,122219,Jun
30,Avengers Endgame Premiere With Ashish Chanchlani,2019-05-09,25524876,1702888,36715,May
31,Cricket Gully Gully Ki | Ashish Chanchlani,2019-05-03,67690179,2729158,93463,May
32,HOLI HAI !! | Ashish Chanchlani,2019-03-19,53956809,2580959,83198,Mar
33,Kahani Road Road Ki | Ashish Chanchlani,2019-03-12,59344360,2600871,72154,Mar
34,The Student Anthem | Ashish Chanchlani | Raftaar | Shaikhspeare,2019-02-13,27346913,2127330,103130,Feb
35,Tuition Classes aur Bache | Ashish Chanchlani,2018-12-29,144259221,5363258,131211,Dec
36,PUBG : Ek Game Katha | Ashish Chanchlani,2018-11-21,98671356,3072254,120428,Nov
37,Diwali Har Ghar Ki | Ashish Chanchlani,2018-11-06,69373336,2668044,94524,Nov
38,Baap Bijli Aur Bill Ft. Shahid Kapoor | Ashish Chanchlani,2018-09-18,79972783,3594569,68205,Sep
39,Meri Pyaari Behna?  | Ashish Chanchlani | Muskan Chanchlani,2018-08-24,68332853,2325611,65055,Aug
40,When Ashish Chanchlani Met Akshay Kumar | GOLD,2018-07-26,41457998,2350381,55987,Jul
41,Science Vs Commerce | Chapter 2 | Ashish Chanchlani,2018-07-09,89195609,3447982,114053,Jul
42,Science Vs Commerce | Chapter 1 | Ashish Chanchlani,2018-06-18,90200322,3253002,70477,Jun
43,Restaurant Sutiyapa | Ashish Chanchlani,2018-05-30,56605538,2079193,49047,May
44,Avengers Infinity War with Ashish Chanchlani,2018-04-21,19903324,1285576,49753,Apr
45,Garmi Ke Side-Effects | Ashish Chanchlani,2018-04-13,73772619,2867108,56627,Apr
46,Exams Ka Mausam | Ashish Chanchlani,2018-03-13,118894628,3565385,100012,Mar
47,Yaar Vs Pyaar Ft. Kartik Aaryan & Nushrat Bharucha | Ashish Chanchlani,2018-02-20,35763031,1718091,29081,Feb
48,Valentine Is Back | Ashish Chanchlani,2018-02-12,47137248,1818055,43538,Feb
49,Dad Goa aur Permission | Ashish Chanchlani,2018-02-03,59223073,1979619,35809,Feb
50,The Stranger | Ashish Chanchlani,2018-01-17,24993657,1464310,67127,Jan
51,Types Of People During Indian Weddings PART 2 | Ashish Chanchlani,2017-12-29,44472177,1684292,41594,Dec
52,Types Of People During Indian Weddings - PART 1 | Ashish Chanchlani,2017-12-20,70259516,2058312,27293,Dec
53,The Blackmailing Brother | Ashish Chanchlani,2017-12-07,37364450,1377683,22758,Dec
54,"Fukrapanti Students Do In Classroom Ft. Hunny, Choocha & Lali | Ashish Chanchlani",2017-11-23,52235486,1827144,23984,Nov
55,The Palti-Khor FRIEND | Ashish Chanchlani,2017-11-17,43752036,1554155,23274,Nov
56,When Rickshaw-Wala Rejects You | Ashish Chanchlani,2017-10-27,44130541,1776679,23911,Oct
57,Types Of People During Diwali | Ashish Chanchlani,2017-10-18,60513595,1859257,31113,Oct
58,Annoying Things GIRLFRIENDS Do on Call | Ashish Chanchlani,2017-10-12,27188967,1168543,24660,Oct
59,Ashish Chanchlani vines - All unposted INSTAGRAM vines compilation/collection,2017-10-06,16678623,1047742,22043,Oct
60,Every Friends Trip ever | Ashish Chanchlani,2017-09-25,39342044,1467883,16047,Sep
61,That one friend Who never gives back your photos | Ashish Chanchlani,2017-09-06,13715782,591504,6623,Sep
62,When Relatives Visit you | Ashish Chanchlani,2017-08-24,34548179,1316211,27711,Aug
63,RANTING RAVI EPISODE 2 : Band karo SARAHAH ka chutiyapa | Ashish Chanchlani,2017-08-16,5863503,342542,17876,Aug
64,Raksha-Bandhan Special : How Brothers Irritate Sisters | Ashish Chanchlani,2017-08-05,57310470,1973517,35553,Aug
65,That one Friend who cannot grow a Beard | Ashish Chanchlani,2017-07-25,25345676,1006737,12165,Jul
66,When girls see a cute baby | Ashish Chanchlani,2017-07-15,19976876,751544,12284,Jul
67,Thank you for 1 MILLION SUBSCRIBERS! | Ashish Chanchlani,2017-07-13,2466838,250020,18955,Jul
68,That one friend who sings all songs confidently with wrong lyrics PART 3 : DESPACITO,2017-07-05,31196245,1314943,28130,Jul
69,"Every indian dad on ""BIJLEE KA BILL"" | Ashish Chanchlani",2017-06-30,36805243,1290788,16069,Jun
70,"When she says ""I HAVE A BOYFRIEND"" | Ashish Chanchlani",2017-06-20,25858310,1095235,18256,Jun
71,That Friend who drives THE WORST | Ashish Chanchlani,2017-06-13,23278300,871678,10779,Jun
72,Thoughts you have after watching a HORROR MOVIE,2017-06-05,25029915,1060726,28080,Jun
73,Doraemon Dub PART 2 | Ashish Chanchlani,2017-06-01,8749892,475447,11591,Jun
74,TYPES OF STUDENTS DURING RESULTS | Ashish Chanchlani,2017-05-25,32050873,1242783,15752,May
75,Every NON-VEG lover ever | Ashish Chanchlani,2017-05-18,40703850,1406806,19176,May
76,When dad pressurises you to choose a career | Ashish Chanchlani,2017-05-09,19705624,866932,13070,May
77,THE DORAEMON DUB,2017-05-04,5549117,259007,8196,May
78,When mom is scolding your brother & you are enjoying it,2017-05-01,17378795,746855,11037,May
79,When its late and you start getting calls from HOME.,2017-04-24,20095489,792717,7690,Apr
80,The 2 Girls who always ROAST EACH OTHER,2017-04-20,12317939,545541,9591,Apr
81,The Boring lecture Survival,2017-04-17,40822311,1906671,24425,Apr
82,RANTING RAVI EPISODE 1 : BAND KARO SAYAT.ME KA CHUTIYAPA,2017-04-10,2802391,145293,2866,Apr
83,That friend Who always says NO to all our plans,2017-04-08,17231927,772727,5319,Apr
84,This summer BE VERY CAREFUL,2017-04-03,20825735,782163,7199,Apr
85,When your Crush touches you for the first time,2017-03-30,16802333,734008,11946,Mar
86,How to take revenge after getting FRIENDZONED,2017-03-25,8694206,447399,5305,Mar
87,The friend that always taunts us during anti-smoking ads,2017-03-22,7875501,454556,5157,Mar
88,Whenever i try dieting,2017-03-15,14378493,770258,7587,Mar
89,How to take revenge from WATER-BALLOON ATTACKERS THIS HOLI SEASON,2017-03-11,12355576,472000,4233,Mar
90,Every indian student's studying pattern during exams,2017-03-08,11438797,485702,4817,Mar
91,That one friend who sings all songs confidently with wrong lyrics :PART 2 ENGLISH SONGS,2017-03-04,18066201,684012,12000,Mar
92,Short vine : Never plan an outing with your girlfriend,2017-03-02,4677148,272398,2124,Mar
93,The most hardworking FRIENDS during exams!,2017-02-27,21053477,800913,6048,Feb
94,TWILIGHT DUB PART 13,2017-02-18,3000766,160450,2472,Feb
95,This valentines BE VERY CAREFUL,2017-02-13,9698137,417933,4107,Feb
96,THE MOST HARDWORKING FRIEND DURING EXAMS,2017-02-08,15941853,775360,6836,Feb
97,The frustrated indian driver,2017-02-04,16473485,647134,7465,Feb
98,VALENTINES DAY CHUTIYAPA : Girls v Boys,2017-02-01,8767995,407930,4601,Feb
99,Eating habits in classroom,2017-01-26,36763183,1308391,11757,Jan
100,That one friend who sings all songs confidently with wrong lyrics,2017-01-21,18119460,684281,11115,Jan
101,Relationships of this generation have crossed new limits of chutiyapa,2017-01-17,7095351,336902,4263,Jan
102,KOI MIL GAYA DUB PART 2,2017-01-13,2988969,108699,1545,Jan
103,"vlog in australia : The story behind ""RANDOMZZZ"" caption of girls on facebook",2017-01-10,2213809,159458,2297,Jan
104,"That one ""PHEKU"" and his ""CHAMCHA"" we all know",2017-01-09,17050813,830062,7634,Jan
105,What girls pack while travelling VS What boys pack while travelling,2017-01-04,12979281,485564,4034,Jan
106,The reality of every NEW YEAR PLAN,2016-12-31,7410781,354425,2000,Dec
107,That one girl who boasts a lot about her family,2016-12-28,13169544,599473,5783,Dec
108,WHEN SANTA CLAUS VISITED INDIA,2016-12-25,18953753,825044,8727,Dec
109,ASHISH CHANCHLANI VINES : THE DEVDAS DUB,2016-12-24,3749720,189281,1745,Dec
110,That one friend who plays THE WORST SONGS EVER!,2016-12-20,11287960,469779,5234,Dec
111,TALKING TO YOUR CRUSH FOR THE FIRST TIME : EXPECTATIONS VS REALITY,2016-12-17,11292511,445332,4952,Dec
112,How indian girls bargain vs how indian boys bargain,2016-12-13,18708034,687437,5767,Dec
113,Ashish Chanchlani Vines - 3 IDIOTS DUB,2016-12-10,14257203,773851,7539,Dec
114,When you ask your girlfriend for lunch,2016-12-07,5804024,264626,2027,Dec
115,ASHISH CHANCHLANI VINES KUNG FU HUSTLE DUB,2016-11-24,10049201,525681,4243,Nov
116,ASHISH CHANCHLANI VINES CIVIL WAR & AVENGERS DUB,2016-11-24,15899222,702529,6788,Nov
117,Indian reality shows be like,2016-11-24,11049719,587240,7161,Nov
118,That one PANAUTI FRIEND in every group,2016-11-22,22294720,803094,6264,Nov
119,make up tutorial PART 4,2016-10-21,7788457,402263,6387,Oct
120,make up tutorial series part 1 2 3,2016-10-21,12132355,449859,9246,Oct
121,koi mil gaya dubbing,2016-10-17,2539639,97896,1207,Oct
122,TYPES  OF EXAM SITUATIONS,2016-10-17,21580921,858704,12096,Oct
123,THINGS INDIAN DADS SAY,2016-09-14,9492688,419973,4532,Sep
124,HOW TO BUY THE NEW IPHONE 7 EASILY,2016-09-07,10907947,556430,5083,Sep
125,BIDDING FAREWELL : Normal Friend vs Best Friend,2016-08-29,7787554,318622,1558,Aug
126,Ashish Chanchlani Vines  ALL TWILIGHT DUBS COMPILATION part 1-11,2016-08-24,10049515,373322,6357,Aug
127,THE UNO GAME,2016-05-30,8483400,318080,2311,May
128,AVENGERS DUBBING BY ASHISH CHANCHLANI VINES,2016-05-29,8687694,370691,2418,May
129,THE DOUBLE CHEESE PAN PIZZA CURSE,2016-01-14,10786994,485003,4847,Jan
130,ALL THINGS YOU SHOULD NOT SAY/DO TO YOUR GIRLFRIEND,2016-01-02,10797927,520727,5913,Jan
131,THE 4G HAUNTING,2015-12-28,8030633,456454,8247,Dec
132,how best friends motivate us,2015-12-28,4099324,251388,1544,Dec
133,how people show off that they are visiting a concert,2015-12-28,3817793,205798,1425,Dec
134,NUTELLA AND ME CANNOT BE SEPERATED,2015-12-26,2962061,206569,3299,Dec
135,COMEDY HUNT- CLASSROOM GENDER DISCRIMINATION,2015-07-14,4524780,237278,1851,Jul
136,COMEDY HUNT-ashish chanchlani top vines compilation,2015-07-06,4594795,242624,2873,Jul
137,ashish chanchlani vines mini compilation part 2,2015-06-24,2878871,153700,1025,Jun
138,when your younger brother irritates you,2015-03-29,4526995,238077,1488,Mar
139,That moment when teacher shifts you from the last bench to the first bench,2015-03-12,2228974,145390,1515,Mar
140,how girls dress up in india when they are about to drive on a 2-wheeler,2015-02-26,3429266,154702,1682,Feb
141,YOUR REACTION WHEN YOUR BROTHER FORGETS TO FLUSH,2015-02-26,5614185,295629,2590,Feb
142,when girls get moody,2015-02-26,4543198,249152,2299,Feb
143,ROY MOVIE REVIEW: THE MOST IRRITATING MOVIE EVER MADE,2015-02-15,3965230,263552,5515,Feb
144,"when honey singh acts smart and messes with the wrong ""gavtee"" girl",2015-01-18,2382609,128648,1289,Jan
145,Driving in a foreign country vs Driving in india,2015-01-01,10594711,531669,6354,Jan
146,THE CYCLE OF ENGINEERING EXAMS,2014-12-28,23134308,945528,12935,Dec
147,your hunger depends on what food mom makes,2014-12-14,8346340,489814,4727,Dec
148,"how to annoy people who say ""tu mere baap ko jaanta hai?""",2014-12-08,12331303,780819,12761,Dec
